s_no,description,website_type,context,url1,url2
1,full-height soft-lit portrait photo for beauty spa landing page,beauty/spa website,hero banner right-aligned portrait,https://images.pexels.com/photos/5659015/pexels-photo-5659015.jpeg?auto=compress&cs=tinysrgb&dpr=2&h=650&w=940,
2,rounded corner spa treatment photo for beauty website intro section,beauty/spa website,intro section left-aligned image,https://images.pexels.com/photos/5659015/pexels-photo-5659015.jpeg?auto=compress&cs=tinysrgb&dpr=2&h=650&w=940,
3,four treatment service photos grid for beauty spa website,beauty/spa website,services grid showcase cards,https://images.pexels.com/photos/5659015/pexels-photo-5659015.jpeg?auto=compress&cs=tinysrgb&dpr=2&h=650&w=940,
4,overlapping collage spa treatment photos for beauty website about section,beauty/spa website,about section right-aligned collage,https://images.pexels.com/photos/5659015/pexels-photo-5659015.jpeg?auto=compress&cs=tinysrgb&dpr=2&h=650&w=940,
5,spa treatment background photo with color wash for beauty website cta banner,beauty/spa website,call-to-action banner background,https://images.pexels.com/photos/3212179/pexels-photo-3212179.jpeg?auto=compress&cs=tinysrgb&dpr=2&h=650&w=940,
6,spa consultation treatment photo for beauty website booking section,beauty/spa website,consultation booking split layout background,https://images.pexels.com/photos/5659015/pexels-photo-5659015.jpeg?auto=compress&cs=tinysrgb&dpr=2&h=650&w=940,
7,professional dental office interior hero banner,dental clinic website,hero section background with text overlay,https://images.pexels.com/photos/380768/pexels-photo-380768.jpeg?auto=compress&cs=tinysrgb&dpr=2&h=650&w=940,
8,dental service icons set for healthcare website,dental clinic website,service cards grid display,https://images.pexels.com/photos/270637/pexels-photo-270637.jpeg?auto=compress&cs=tinysrgb&dpr=2&h=650&w=940,
9,professional dentist portrait photo for about section,dental clinic website,about section dentist profile,https://images.pexels.com/photos/33883600/pexels-photo-33883600.jpeg?auto=compress&cs=tinysrgb&dpr=2&h=650&w=940,
10,patient testimonial headshots for dental website,dental clinic website,testimonials section with patient reviews,https://via.placeholder.com/800x600/cccccc/666666?text=patient+testimonial+headshots+for+dental+website+1,
11,dental clinic location map image for contact section,dental clinic website,contact section office location,https://images.pexels.com/photos/33827092/pexels-photo-33827092.jpeg?auto=compress&cs=tinysrgb&dpr=2&h=650&w=940,
12,modern dental equipment showcase photo,dental clinic website,services section equipment display,https://images.pexels.com/photos/33841601/pexels-photo-33841601.jpeg?auto=compress&cs=tinysrgb&dpr=2&h=650&w=940,
13,medical clinic building exterior photo for contact section background,healthcare/medical clinic website,contact section to show physical location and accessibility,https://images.pexels.com/photos/33827092/pexels-photo-33827092.jpeg?auto=compress&cs=tinysrgb&dpr=2&h=650&w=940,
14,emergency medical icon for urgent care contact button,healthcare/medical clinic website,emergency contact button in navigation and contact sections,https://images.pexels.com/photos/8875613/pexels-photo-8875613.jpeg?auto=compress&cs=tinysrgb&dpr=2&h=650&w=940,
15,bright modern dental office interior hero banner for landing page,dental/healthcare landing page,hero section background image,https://images.pexels.com/photos/380768/pexels-photo-380768.jpeg?auto=compress&cs=tinysrgb&dpr=2&h=650&w=940,
16,professional dentist portrait for about section on healthcare website,dental/healthcare landing page,left‑column photo beside about‑text,https://images.pexels.com/photos/33829559/pexels-photo-33829559.jpeg?auto=compress&cs=tinysrgb&dpr=2&h=650&w=940,
17,smiling patient headshot for testimonial card on dental website,dental/healthcare landing page,patient photo accompanying testimonial text,https://via.placeholder.com/800x600/cccccc/666666?text=smiling+patient+headshot+for+testimonial+card+on+dental+website+1,
18,static map image showing clinic location for contact section,dental/healthcare landing page,map illustration beside contact form,https://images.pexels.com/photos/33827092/pexels-photo-33827092.jpeg?auto=compress&cs=tinysrgb&dpr=2&h=650&w=940,
19,line icon of dental cleaning tool for service card,dental/healthcare landing page,services grid card representing teeth cleaning,https://images.pexels.com/photos/270637/pexels-photo-270637.jpeg?auto=compress&cs=tinysrgb&dpr=2&h=650&w=940,
20,line icon of orthodontic braces for service card,dental/healthcare landing page,services grid card representing orthodontics,https://images.pexels.com/photos/270637/pexels-photo-270637.jpeg?auto=compress&cs=tinysrgb&dpr=2&h=650&w=940,
21,line icon of dental implant for service card,dental/healthcare landing page,services grid card representing implant procedures,https://images.pexels.com/photos/270637/pexels-photo-270637.jpeg?auto=compress&cs=tinysrgb&dpr=2&h=650&w=940,
22,line icon of teeth whitening for service card,dental/healthcare landing page,services grid card representing cosmetic whitening,https://images.pexels.com/photos/270637/pexels-photo-270637.jpeg?auto=compress&cs=tinysrgb&dpr=2&h=650&w=940,
23,bright dental office interior hero banner photo,dental clinic landing page,hero section background image,https://images.pexels.com/photos/380768/pexels-photo-380768.jpeg?auto=compress&cs=tinysrgb&dpr=2&h=650&w=940,
24,professional dentist portrait photo for about section,dental clinic landing page,left‑column image beside about text,https://images.pexels.com/photos/33883600/pexels-photo-33883600.jpeg?auto=compress&cs=tinysrgb&dpr=2&h=650&w=940,
25,smiling patient headshot photo for testimonial 1,dental clinic landing page,testimonial carousel / grid,https://via.placeholder.com/800x600/cccccc/666666?text=smiling+patient+headshot+photo+for+testimonial+1+1,
26,smiling patient headshot photo for testimonial 2,dental clinic landing page,testimonial carousel / grid,https://via.placeholder.com/800x600/cccccc/666666?text=smiling+patient+headshot+photo+for+testimonial+2+1,
27,smiling patient headshot photo for testimonial 3,dental clinic landing page,testimonial carousel / grid,https://via.placeholder.com/800x600/cccccc/666666?text=smiling+patient+headshot+photo+for+testimonial+3+1,
28,line icon of toothbrush for cleaning service card,dental clinic landing page,services section card illustration,https://images.pexels.com/photos/270637/pexels-photo-270637.jpeg?auto=compress&cs=tinysrgb&dpr=2&h=650&w=940,
29,line icon of braces for orthodontics service card,dental clinic landing page,services section card illustration,https://images.pexels.com/photos/270637/pexels-photo-270637.jpeg?auto=compress&cs=tinysrgb&dpr=2&h=650&w=940,
30,line icon of smile makeover for cosmetic dentistry card,dental clinic landing page,services section card illustration,https://images.pexels.com/photos/270637/pexels-photo-270637.jpeg?auto=compress&cs=tinysrgb&dpr=2&h=650&w=940,
31,line icon of root canal tool for endodontics card,dental clinic landing page,services section card illustration,https://images.pexels.com/photos/270637/pexels-photo-270637.jpeg?auto=compress&cs=tinysrgb&dpr=2&h=650&w=940,
32,line icon of dental implant for implant service card,dental clinic landing page,services section card illustration,https://images.pexels.com/photos/270637/pexels-photo-270637.jpeg?auto=compress&cs=tinysrgb&dpr=2&h=650&w=940,
33,stylized office location map screenshot for contact section,dental clinic landing page,right‑side map beside contact form,https://images.pexels.com/photos/33883600/pexels-photo-33883600.jpeg?auto=compress&cs=tinysrgb&dpr=2&h=650&w=940,
34,grayscale full-width hero background photo for aesthetic medical clinic landing,medical/aesthetic clinic website,hero banner background behind headline overlay,https://images.pexels.com/photos/263201/pexels-photo-263201.jpeg?auto=compress&cs=tinysrgb&dpr=2&h=650&w=940,
35,black-and-white portrait photo for about section left column,medical/aesthetic clinic website,about section clinic representation,https://via.placeholder.com/800x600/cccccc/666666?text=black-and-white+portrait+photo+for+about+section+left+column+1,
36,gold circular value icons for three-column grid section,medical/aesthetic clinic website,value proposition icon display,https://via.placeholder.com/64x64/666666/ffffff?text=ICON+1,
37,portrait photo on black background for highlight section,medical/aesthetic clinic website,highlight section right-side portrait,https://via.placeholder.com/800x600/cccccc/666666?text=portrait+photo+on+black+background+for+highlight+section+1,
38,before-and-after patient photos for success stories grid,medical/aesthetic clinic website,patient testimonial showcase,https://via.placeholder.com/800x600/cccccc/666666?text=before-and-after+patient+photos+for+success+stories+grid+1,
39,black-and-white model portrait for GLP-1 benefits section,medical/aesthetic clinic website,info section left column image,https://via.placeholder.com/800x600/cccccc/666666?text=black-and-white+model+portrait+for+GLP-1+benefits+section+1,
40,circular full-color scale diagram for GLP-1 explanation,medical/aesthetic clinic website,diagram within info section,https://via.placeholder.com/64x64/666666/ffffff?text=ICON+1,
41,spa building exterior photo for wellness website,spa/wellness website,intro text block left column,https://images.pexels.com/photos/5659015/pexels-photo-5659015.jpeg?auto=compress&cs=tinysrgb&dpr=2&h=650&w=940,
42,spa candles and flowers gift card photo for wellness website,spa/wellness website,e-gift card promotional section,https://images.pexels.com/photos/5659015/pexels-photo-5659015.jpeg?auto=compress&cs=tinysrgb&dpr=2&h=650&w=940,
43,hero portrait photo for clinic landing page banner,healthcare/clinic website,full-width hero section background,https://images.pexels.com/photos/33827092/pexels-photo-33827092.jpeg?auto=compress&cs=tinysrgb&dpr=2&h=650&w=940,
44,rounded service card photos for healthcare services grid,healthcare/clinic website,three-column service card grid,https://images.pexels.com/photos/33829559/pexels-photo-33829559.jpeg?auto=compress&cs=tinysrgb&dpr=2&h=650&w=940,
45,subtle background photo for dark CTA section,healthcare/clinic website,call-to-action with phone number overlay,https://via.placeholder.com/800x600/cccccc/666666?text=subtle+background+photo+for+dark+CTA+section+1,
46,interactive Google Maps embed for clinic location,healthcare/clinic website,contact section left column,https://images.pexels.com/photos/263201/pexels-photo-263201.jpeg?auto=compress&cs=tinysrgb&dpr=2&h=650&w=940,
47,split hero banner with left portrait and two styled women,fashion & lifestyle services landing page,full‑width hero section background,https://images.pexels.com/photos/1571734/pexels-photo-1571734.jpeg?auto=compress&cs=tinysrgb&dpr=2&h=650&w=940,
48,portrait of team member for about section stacked column,fashion & lifestyle services landing page,right‑hand column of about section,https://images.pexels.com/photos/3184418/pexels-photo-3184418.jpeg?auto=compress&cs=tinysrgb&dpr=2&h=650&w=940,
49,lifestyle service image for first service card,fashion & lifestyle services landing page,top of service preview card #1,https://images.pexels.com/photos/33841601/pexels-photo-33841601.jpeg?auto=compress&cs=tinysrgb&dpr=2&h=650&w=940,
50,lifestyle service image for second service card,fashion & lifestyle services landing page,top of service preview card #2,https://images.pexels.com/photos/33841601/pexels-photo-33841601.jpeg?auto=compress&cs=tinysrgb&dpr=2&h=650&w=940,
51,lifestyle service image for third service card,fashion & lifestyle services landing page,top of service preview card #3,https://images.pexels.com/photos/33841601/pexels-photo-33841601.jpeg?auto=compress&cs=tinysrgb&dpr=2&h=650&w=940,
52,lifestyle service image for fourth service card,fashion & lifestyle services landing page,top of service preview card #4,https://images.pexels.com/photos/33841601/pexels-photo-33841601.jpeg?auto=compress&cs=tinysrgb&dpr=2&h=650&w=940,
53,circular headshot of team member for profile grid,fashion & lifestyle services landing page,profile card #1 in team section,https://images.pexels.com/photos/3184418/pexels-photo-3184418.jpeg?auto=compress&cs=tinysrgb&dpr=2&h=650&w=940,
54,circular headshot of second team member for profile grid,fashion & lifestyle services landing page,profile card #2 in team section,https://images.pexels.com/photos/3184418/pexels-photo-3184418.jpeg?auto=compress&cs=tinysrgb&dpr=2&h=650&w=940,
55,circular headshot of third team member for profile grid,fashion & lifestyle services landing page,profile card #3 in team section,https://images.pexels.com/photos/3184418/pexels-photo-3184418.jpeg?auto=compress&cs=tinysrgb&dpr=2&h=650&w=940,
56,circular headshot of fourth team member for profile grid,fashion & lifestyle services landing page,profile card #4 in team section,https://images.pexels.com/photos/3184418/pexels-photo-3184418.jpeg?auto=compress&cs=tinysrgb&dpr=2&h=650&w=940,
57,client portrait for testimonial review section,fashion & lifestyle services landing page,left column of reviews section,https://images.pexels.com/photos/3184465/pexels-photo-3184465.jpeg?auto=compress&cs=tinysrgb&dpr=2&h=650&w=940,
58,small inset portrait for CTA form side illustration,fashion & lifestyle services landing page,right column of CTA/form block,https://via.placeholder.com/800x600/cccccc/666666?text=small+inset+portrait+for+CTA+form+side+illustration+1,
59,muted green toned map illustration above footer,fashion & lifestyle services landing page,background element preceding footer,https://via.placeholder.com/800x600/cccccc/666666?text=muted+green+toned+map+illustration+above+footer+1,
60,pink Instagram icon overlay for team profiles,fashion & lifestyle services landing page,Instagram social icon on each team headshot,https://images.pexels.com/photos/8834486/pexels-photo-8834486.jpeg?auto=compress&cs=tinysrgb&dpr=2&h=650&w=940,
61,subtle right‑arrow icon for service card hover,fashion & lifestyle services landing page,hover indicator on service preview cards,https://images.pexels.com/photos/33863787/pexels-photo-33863787.jpeg?auto=compress&cs=tinysrgb&dpr=2&h=650&w=940,
62,aerial beach background image for med spa hero banner,medical spa website,hero banner background with teal overlay,https://images.pexels.com/photos/3212179/pexels-photo-3212179.jpeg?auto=compress&cs=tinysrgb&dpr=2&h=650&w=940,
63,microchanneling procedure flat illustration icons,medical spa website,what is microchanneling section graphics,https://via.placeholder.com/64x64/666666/ffffff?text=ICON+1,
64,quotation mark icon in teal color,medical spa website,testimonial section quote icon,https://via.placeholder.com/64x64/666666/ffffff?text=ICON+1,
65,five star rating icon in teal color,medical spa website,testimonial section star rating,https://images.pexels.com/photos/6193315/pexels-photo-6193315.jpeg?auto=compress&cs=tinysrgb&dpr=2&h=650&w=940,
66,social media flat icons in light teal color,medical spa website,footer social media links,https://images.pexels.com/photos/8834486/pexels-photo-8834486.jpeg?auto=compress&cs=tinysrgb&dpr=2&h=650&w=940,
67,blank placeholder card image for beauty salon appointment booking,beauty salon website,cta section empty card placeholder,https://images.pexels.com/photos/7755523/pexels-photo-7755523.jpeg?auto=compress&cs=tinysrgb&dpr=2&h=650&w=940,
68,Beauty spa logo image to replace text-based logo in Header and Footer,general,Header and Footer branding,https://images.pexels.com/photos/1029624/pexels-photo-1029624.jpeg?auto=compress&cs=tinysrgb&dpr=2&h=650&w=940,
69,Sun icon for light theme toggle button,general,Theme toggle button to indicate current light theme state,https://via.placeholder.com/64x64/666666/ffffff?text=ICON+1,
70,Moon icon for dark theme toggle button,general,Theme toggle button to indicate current dark theme state,https://via.placeholder.com/64x64/666666/ffffff?text=ICON+1,
71,New hero background image to replace the aerial beach photo,general,Hero section background that will have a teal overlay applied,https://via.placeholder.com/800x600/cccccc/666666?text=New+hero+background+image+to+replace+the+aerial+beach+photo+1,
72,massage therapy service card photo for spa website,spa/wellness website,service grid card display,https://via.placeholder.com/800x600/cccccc/666666?text=massage+therapy+service+card+photo+for+spa+website+1,
73,facial treatment service card photo for spa website,spa/wellness website,service grid card display,https://via.placeholder.com/800x600/cccccc/666666?text=facial+treatment+service+card+photo+for+spa+website+1,
74,aromatherapy service card photo for spa website,spa/wellness website,service grid card display,https://via.placeholder.com/800x600/cccccc/666666?text=aromatherapy+service+card+photo+for+spa+website+1,
75,spa relaxation room supporting photo for wellness website,spa/wellness website,trust section right side,https://via.placeholder.com/800x600/cccccc/666666?text=spa+relaxation+room+supporting+photo+for+wellness+website+1,
76,client testimonial close-up portrait photo for spa website,spa/wellness website,testimonial slider background,https://via.placeholder.com/800x600/cccccc/666666?text=client+testimonial+close-up+portrait+photo+for+spa+website+1,
77,spa facial close-up photo background for wellness website,spa/wellness website,contact cta background,https://via.placeholder.com/800x600/cccccc/666666?text=spa+facial+close-up+photo+background+for+wellness+website+1,
78,relaxing body wrap treatment photo for spa service card,spa/wellness website,services grid card display,https://images.pexels.com/photos/5659015/pexels-photo-5659015.jpeg?auto=compress&cs=tinysrgb&dpr=2&h=650&w=940,
79,luxurious manicure pedicure service photo for spa card,spa/wellness website,services grid card display,https://images.pexels.com/photos/670720/pexels-photo-670720.jpeg?auto=compress&cs=tinysrgb&dpr=2&h=650&w=940,
80,smiling women group photo for medical spa intro section,medical spa / wellness website,intro text section right-aligned image,https://images.pexels.com/photos/5659015/pexels-photo-5659015.jpeg?auto=compress&cs=tinysrgb&dpr=2&h=650&w=940,
81,facial treatment service card photo for med spa website,medical spa / wellness website,treatment cards grid display,https://images.pexels.com/photos/5659015/pexels-photo-5659015.jpeg?auto=compress&cs=tinysrgb&dpr=2&h=650&w=940,
82,microdermabrasion treatment service card photo for med spa,medical spa / wellness website,treatment cards grid display,https://images.pexels.com/photos/5659015/pexels-photo-5659015.jpeg?auto=compress&cs=tinysrgb&dpr=2&h=650&w=940,
83,laser treatment service card photo for med spa website,medical spa / wellness website,treatment cards grid display,https://images.pexels.com/photos/5659015/pexels-photo-5659015.jpeg?auto=compress&cs=tinysrgb&dpr=2&h=650&w=940,
84,injectables service card photo for medical spa website,medical spa / wellness website,treatment cards grid display,https://images.pexels.com/photos/5659015/pexels-photo-5659015.jpeg?auto=compress&cs=tinysrgb&dpr=2&h=650&w=940,
85,spa doctor professional portrait photo,spa/wellness landing page,doctor introduction profile section,https://images.pexels.com/photos/40568/medical-appointment-doctor-healthcare-40568.jpeg?auto=compress&cs=tinysrgb&dpr=2&h=650&w=940,
86,spa staff group photo for booking section,spa/wellness landing page,call-to-action appointment section,https://images.pexels.com/photos/3184394/pexels-photo-3184394.jpeg?auto=compress&cs=tinysrgb&dpr=2&h=650&w=940,
87,woman in kitchen with supplements lifestyle photo,spa/wellness landing page,supplements promotion section,https://images.pexels.com/photos/1036623/pexels-photo-1036623.jpeg?auto=compress&cs=tinysrgb&dpr=2&h=650&w=940,
88,chemical peel treatment service card photo,spa/medical spa website,treatment cards grid display,https://images.pexels.com/photos/161477/treatment-finger-keep-hand-161477.jpeg?auto=compress&cs=tinysrgb&dpr=2&h=650&w=940,
89,luxury medical spa interior hero banner,medical spa website,hero section background with overlay text,https://images.pexels.com/photos/3212179/pexels-photo-3212179.jpeg?auto=compress&cs=tinysrgb&dpr=2&h=650&w=940,
90,professional skincare product packaging photo,medical spa website,skincare products showcase section,https://images.pexels.com/photos/7581577/pexels-photo-7581577.jpeg?auto=compress&cs=tinysrgb&dpr=2&h=650&w=940,
91,anti-aging cream product photo with soft shadow,medical spa website,skincare products display,https://via.placeholder.com/800x600/cccccc/666666?text=anti-aging+cream+product+photo+with+soft+shadow+1,
92,medical spa treatment room photo,medical spa website,facility showcase or about section,https://images.pexels.com/photos/5659015/pexels-photo-5659015.jpeg?auto=compress&cs=tinysrgb&dpr=2&h=650&w=940,
93,copper star rating icon for testimonials,medical spa website,testimonial section star rating display,https://images.pexels.com/photos/6193315/pexels-photo-6193315.jpeg?auto=compress&cs=tinysrgb&dpr=2&h=650&w=940,
94,checkmark icon in copper circle for skincare benefits,medical spa website,skincare products bullet point list,https://images.pexels.com/photos/8176112/pexels-photo-8176112.jpeg?auto=compress&cs=tinysrgb&dpr=2&h=650&w=940,
95,woman with tropical leaf medical spa hero banner,medical spa / wellness website,hero banner background with overlay text,https://images.pexels.com/photos/3212179/pexels-photo-3212179.jpeg?auto=compress&cs=tinysrgb&dpr=2&h=650&w=940,
96,female outline line art icon for spa intro section,medical spa / wellness website,decorative icon in intro text block,https://images.pexels.com/photos/8955860/pexels-photo-8955860.jpeg?auto=compress&cs=tinysrgb&dpr=2&h=650&w=940,
97,leaf pattern background texture for spa sections,medical spa / wellness website,background pattern for intro and services sections,https://images.pexels.com/photos/3212179/pexels-photo-3212179.jpeg?auto=compress&cs=tinysrgb&dpr=2&h=650&w=940,
98,diverse smiling people medical spa hero banner background,medical spa website,hero banner background image,https://images.pexels.com/photos/3212179/pexels-photo-3212179.jpeg?auto=compress&cs=tinysrgb&dpr=2&h=650&w=940,
99,video testimonial thumbnail images with play button overlay,medical spa website,video testimonials gallery,https://via.placeholder.com/800x600/cccccc/666666?text=video+testimonial+thumbnail+images+with+play+button+overlay+1,
100,two women in stylish clothing spa hero banner,spa/wellness website,hero banner split background,https://images.pexels.com/photos/3212179/pexels-photo-3212179.jpeg?auto=compress&cs=tinysrgb&dpr=2&h=650&w=940,
101,spa team member portrait photos for wellness website,spa/wellness website,about section team display,https://images.pexels.com/photos/3184418/pexels-photo-3184418.jpeg?auto=compress&cs=tinysrgb&dpr=2&h=650&w=940,
102,circular spa team headshots for wellness website,spa/wellness website,team section profile cards,https://images.pexels.com/photos/3184418/pexels-photo-3184418.jpeg?auto=compress&cs=tinysrgb&dpr=2&h=650&w=940,
103,serene spa woman model hero banner,spa/wellness website,full-width hero background with logo overlay,https://images.pexels.com/photos/3212179/pexels-photo-3212179.jpeg?auto=compress&cs=tinysrgb&dpr=2&h=650&w=940,
104,luxury spa reception area interior photo,spa/wellness website,intro section right column image,https://images.pexels.com/photos/5659015/pexels-photo-5659015.jpeg?auto=compress&cs=tinysrgb&dpr=2&h=650&w=940,
105,body scrub treatment product photo,spa/wellness website,treatment card 3 product image,https://images.pexels.com/photos/161477/treatment-finger-keep-hand-161477.jpeg?auto=compress&cs=tinysrgb&dpr=2&h=650&w=940,
106,spa wellness icons line set teal,spa/wellness website,why choose us section icon grid,https://images.pexels.com/photos/8955860/pexels-photo-8955860.jpeg?auto=compress&cs=tinysrgb&dpr=2&h=650&w=940,
107,spa founder portrait warm lighting photo,spa/wellness website,founder section left-aligned profile,https://images.pexels.com/photos/5659015/pexels-photo-5659015.jpeg?auto=compress&cs=tinysrgb&dpr=2&h=650&w=940,
108,male client testimonial headshot circular,spa/wellness website,testimonial card 2 profile photo,https://images.pexels.com/photos/3184465/pexels-photo-3184465.jpeg?auto=compress&cs=tinysrgb&dpr=2&h=650&w=940,
109,minimal line art botanical illustration for team section background,medical spa website,team section heading decoration,https://via.placeholder.com/64x64/666666/ffffff?text=ICON+1,
110,split hero portrait woman muted gray background medical spa landing,medical spa website,hero banner split background left side,https://images.pexels.com/photos/1036623/pexels-photo-1036623.jpeg?auto=compress&cs=tinysrgb&dpr=2&h=650&w=940,
111,two stylish women soft beige background medical spa hero section,medical spa website,hero banner right side background,https://images.pexels.com/photos/5659015/pexels-photo-5659015.jpeg?auto=compress&cs=tinysrgb&dpr=2&h=650&w=940,
112,team member portrait framed rectangular medical spa about section,medical spa website,about section stacked team photos,https://images.pexels.com/photos/3184418/pexels-photo-3184418.jpeg?auto=compress&cs=tinysrgb&dpr=2&h=650&w=940,
113,facial treatment service lifestyle photo medical spa service card,medical spa website,services preview card image,https://images.pexels.com/photos/5659015/pexels-photo-5659015.jpeg?auto=compress&cs=tinysrgb&dpr=2&h=650&w=940,
114,laser treatment service lifestyle photo medical spa service card,medical spa website,services preview card image,https://images.pexels.com/photos/5659015/pexels-photo-5659015.jpeg?auto=compress&cs=tinysrgb&dpr=2&h=650&w=940,
115,botox injection service lifestyle photo medical spa service card,medical spa website,services preview card image,https://images.pexels.com/photos/5659015/pexels-photo-5659015.jpeg?auto=compress&cs=tinysrgb&dpr=2&h=650&w=940,
116,skin care treatment lifestyle photo medical spa service card,medical spa website,services preview card image,https://images.pexels.com/photos/5659015/pexels-photo-5659015.jpeg?auto=compress&cs=tinysrgb&dpr=2&h=650&w=940,
117,circular headshot portrait medical spa team member profile,medical spa website,team section profile grid,https://images.pexels.com/photos/3184418/pexels-photo-3184418.jpeg?auto=compress&cs=tinysrgb&dpr=2&h=650&w=940,
118,client portrait editorial style medical spa testimonial section,medical spa website,reviews section testimonial portrait,https://images.pexels.com/photos/3184465/pexels-photo-3184465.jpeg?auto=compress&cs=tinysrgb&dpr=2&h=650&w=940,
119,small inset portrait medical spa contact form section,medical spa website,cta section form background,https://images.pexels.com/photos/5659015/pexels-photo-5659015.jpeg?auto=compress&cs=tinysrgb&dpr=2&h=650&w=940,
120,instagram social media icon soft pink medical spa team profiles,medical spa website,team section social media links,https://images.pexels.com/photos/8834486/pexels-photo-8834486.jpeg?auto=compress&cs=tinysrgb&dpr=2&h=650&w=940,
121,large quotation mark graphic medical spa testimonial section,medical spa website,reviews section decorative element,https://images.pexels.com/photos/8955860/pexels-photo-8955860.jpeg?auto=compress&cs=tinysrgb&dpr=2&h=650&w=940,
122,medical spa facility interior banner background footer section,medical spa website,footer section above simple map,https://images.pexels.com/photos/3212179/pexels-photo-3212179.jpeg?auto=compress&cs=tinysrgb&dpr=2&h=650&w=940,
123,spa interior calm atmosphere banner photo,spa/wellness website,cta banner left half background,https://images.pexels.com/photos/3212179/pexels-photo-3212179.jpeg?auto=compress&cs=tinysrgb&dpr=2&h=650&w=940,
124,embedded interactive Google map for spa location,spa/wellness website,contact section left column,https://images.pexels.com/photos/3212179/pexels-photo-3212179.jpeg?auto=compress&cs=tinysrgb&dpr=2&h=650&w=940,
125,luxury spa interior wide hero banner with marble reception desk,spa wellness website,hero banner background with overlay text,https://images.pexels.com/photos/3212179/pexels-photo-3212179.jpeg?auto=compress&cs=tinysrgb&dpr=2&h=650&w=940,
126,spa stone therapy treatment close-up photo,spa wellness website,image grid treatment showcase,https://images.pexels.com/photos/5659015/pexels-photo-5659015.jpeg?auto=compress&cs=tinysrgb&dpr=2&h=650&w=940,
127,spa video thumbnail treatment preview screenshot,spa wellness website,podcast/media section video embed,https://images.pexels.com/photos/3212179/pexels-photo-3212179.jpeg?auto=compress&cs=tinysrgb&dpr=2&h=650&w=940,
128,wellness treatment service card photo for medical spa,medical spa website,services grid display,https://images.pexels.com/photos/5659015/pexels-photo-5659015.jpeg?auto=compress&cs=tinysrgb&dpr=2&h=650&w=940,
129,Circular cropped professional headshots for spa team profiles,spa/beauty salon website,team section profile grid,https://images.pexels.com/photos/3184418/pexels-photo-3184418.jpeg?auto=compress&cs=tinysrgb&dpr=2&h=650&w=940,
130,serenity spa treatment room interior photo,wellness/spa website,hero banner large portrait image,https://images.pexels.com/photos/5659015/pexels-photo-5659015.jpeg?auto=compress&cs=tinysrgb&dpr=2&h=650&w=940,
131,spa welcome area decorative photo,wellness/spa website,intro section left column image,https://images.pexels.com/photos/5659015/pexels-photo-5659015.jpeg?auto=compress&cs=tinysrgb&dpr=2&h=650&w=940,
132,massage therapy service card photo,wellness/spa website,services section card grid display,https://images.pexels.com/photos/6663367/pexels-photo-6663367.jpeg?auto=compress&cs=tinysrgb&dpr=2&h=650&w=940,
133,facial treatment service card photo,wellness/spa website,services section card grid display,https://images.pexels.com/photos/6663367/pexels-photo-6663367.jpeg?auto=compress&cs=tinysrgb&dpr=2&h=650&w=940,
134,aromatherapy service card photo,wellness/spa website,services section card grid display,https://images.pexels.com/photos/6663367/pexels-photo-6663367.jpeg?auto=compress&cs=tinysrgb&dpr=2&h=650&w=940,
135,monochrome spa stones banner background,wellness/spa website,cta banner full width background,https://images.pexels.com/photos/3212179/pexels-photo-3212179.jpeg?auto=compress&cs=tinysrgb&dpr=2&h=650&w=940,
136,spa owner professional portrait photo,wellness/spa website,about section left column portrait,https://images.pexels.com/photos/5659015/pexels-photo-5659015.jpeg?auto=compress&cs=tinysrgb&dpr=2&h=650&w=940,
137,five star rating icon set,wellness/spa website,testimonials section star display,https://images.pexels.com/photos/6193315/pexels-photo-6193315.jpeg?auto=compress&cs=tinysrgb&dpr=2&h=650&w=940,
138,spa location map embed image,wellness/spa website,contact section left column map,https://images.pexels.com/photos/5659015/pexels-photo-5659015.jpeg?auto=compress&cs=tinysrgb&dpr=2&h=650&w=940,
139,instagram spa treatment thumbnail,wellness/spa website,footer instagram grid display,https://images.pexels.com/photos/5659015/pexels-photo-5659015.jpeg?auto=compress&cs=tinysrgb&dpr=2&h=650&w=940,
140,social media icon set white,wellness/spa website,footer social media links,https://images.pexels.com/photos/8834486/pexels-photo-8834486.jpeg?auto=compress&cs=tinysrgb&dpr=2&h=650&w=940,
141,spa treatment team group photo in uniform,spa/wellness website,intro text block right column,https://images.pexels.com/photos/3184418/pexels-photo-3184418.jpeg?auto=compress&cs=tinysrgb&dpr=2&h=650&w=940,
142,All existing images must remain visible and protected from gradient overlays,general,"Hero background, service cards, about section, testimonials decorative element, and logo images",https://images.pexels.com/photos/6663367/pexels-photo-6663367.jpeg?auto=compress&cs=tinysrgb&dpr=2&h=650&w=940,
143,No new images required - existing images need gradient overlay protection,general,Hero section background image with gradient overlay,https://via.placeholder.com/800x600/cccccc/666666?text=No+new+images+required+-+existing+images+need+gradient+overlay+protection+1,
144,Testimonial profile photos must remain unchanged and visible,general,Used in testimonial cards showing patient faces,https://via.placeholder.com/800x600/cccccc/666666?text=Testimonial+profile+photos+must+remain+unchanged+and+visible+1,
145,All existing icons and graphics must remain visible with new orange theme,general,Used throughout components for visual enhancement,https://via.placeholder.com/64x64/666666/ffffff?text=ICON+1,
146,Testimonial profile images need protection from green gradient overlays,general,Used in testimonial cards to display client photos,https://via.placeholder.com/800x600/cccccc/666666?text=Testimonial+profile+images+need+protection+from+green+gradient+overlays+1,
147,Testimonial avatars need protection against green gradient backgrounds,general,Used in Testimonials section cards with white backgrounds,https://via.placeholder.com/800x600/cccccc/666666?text=Testimonial+avatars+need+protection+against+green+gradient+backgrounds+1,
148,"Service icons (Zap, Shield, Users, CheckCircle) need to remain visible",general,Used in Services section with colored backgrounds,https://images.pexels.com/photos/8176112/pexels-photo-8176112.jpeg?auto=compress&cs=tinysrgb&dpr=2&h=650&w=940,
149,Social media icons in footer need to remain visible,general,Used in Footer with dark gradient background,https://via.placeholder.com/64x64/666666/ffffff?text=ICON+1,
150,woman receiving spa treatment hero banner for wellness website,spa/wellness website,hero banner background with logo overlay,https://images.pexels.com/photos/3212179/pexels-photo-3212179.jpeg?auto=compress&cs=tinysrgb&dpr=2&h=650&w=940,
151,organic natural products icon for wellness website,spa/wellness website,why choose us section icon,https://images.pexels.com/photos/6471420/pexels-photo-6471420.jpeg?auto=compress&cs=tinysrgb&dpr=2&h=650&w=940,
152,relaxation zen experience icon for wellness website,spa/wellness website,why choose us section icon,https://images.pexels.com/photos/6471420/pexels-photo-6471420.jpeg?auto=compress&cs=tinysrgb&dpr=2&h=650&w=940,
153,female client testimonial headshot for wellness website,spa/wellness website,testimonial card profile photo,https://images.pexels.com/photos/3184465/pexels-photo-3184465.jpeg?auto=compress&cs=tinysrgb&dpr=2&h=650&w=940,
154,earthy brown background photo with overlay color wash for beauty website,beauty/spa website,cta banner background,https://images.pexels.com/photos/33901156/pexels-photo-33901156.jpeg?auto=compress&cs=tinysrgb&dpr=2&h=650&w=940,
155,faint oversized monogram letters background for beauty website,beauty/spa website,hero banner and about section background,https://images.pexels.com/photos/1571734/pexels-photo-1571734.jpeg?auto=compress&cs=tinysrgb&dpr=2&h=650&w=940,
156,Uploaded pink-themed spa logo to replace all existing logo instances,general,"Header, Hero section, and Footer logo placements",https://images.pexels.com/photos/1029624/pexels-photo-1029624.jpeg?auto=compress&cs=tinysrgb&dpr=2&h=650&w=940,
157,Uploaded Serenity Spa logo in PNG format,general,"Replace existing logo in Header, Hero, and Footer components",https://images.pexels.com/photos/1029624/pexels-photo-1029624.jpeg?auto=compress&cs=tinysrgb&dpr=2&h=650&w=940,
158,professional dentist examining patient photo for service card,dental care / oral wellness website,card grid service image with overlay title,https://images.pexels.com/photos/33872067/pexels-photo-33872067.jpeg?auto=compress&cs=tinysrgb&dpr=2&h=650&w=940,
159,dentist map marker icon for contact section,dental care / oral wellness website,map embed location pin visualization,https://via.placeholder.com/64x64/666666/ffffff?text=ICON+1,
160,aromatic candles and essential oils flat lay,spa/wellness landing page,features or benefits section,https://via.placeholder.com/800x600/cccccc/666666?text=aromatic+candles+and+essential+oils+flat+lay+1,
161,relaxing stone spa foot bath with flower petals,spa/wellness landing page,service card or testimonial background,https://images.pexels.com/photos/5659015/pexels-photo-5659015.jpeg?auto=compress&cs=tinysrgb&dpr=2&h=650&w=940,
162,zen stone stack with bamboo leaves,spa/wellness landing page,decorative icon or section separator,https://via.placeholder.com/64x64/666666/ffffff?text=ICON+1,
163,couple enjoying relaxing spa treatment photo,spa/wellness website,customer experience display,https://images.pexels.com/photos/5659015/pexels-photo-5659015.jpeg?auto=compress&cs=tinysrgb&dpr=2&h=650&w=940,
164,"High‑resolution spa‑related hero background image (e.g., a calming treatment room or massage scene)",general,Used as the background of the new LandingSpa hero section,https://images.pexels.com/photos/3212179/pexels-photo-3212179.jpeg?auto=compress&cs=tinysrgb&dpr=2&h=650&w=940,
165,Logo image displayed in the header,general,Header component,https://images.pexels.com/photos/1029624/pexels-photo-1029624.jpeg?auto=compress&cs=tinysrgb&dpr=2&h=650&w=940,
166,Background hero image for the spa landing section,general,LandingSpa component (background image),https://images.pexels.com/photos/5659015/pexels-photo-5659015.jpeg?auto=compress&cs=tinysrgb&dpr=2&h=650&w=940,
167,Massage service image,general,LandingSpa services grid,https://images.pexels.com/photos/33916728/pexels-photo-33916728.jpeg?auto=compress&cs=tinysrgb&dpr=2&h=650&w=940,
168,Facial service image,general,LandingSpa services grid,https://images.pexels.com/photos/33916728/pexels-photo-33916728.jpeg?auto=compress&cs=tinysrgb&dpr=2&h=650&w=940,
169,Hydrotherapy service image,general,LandingSpa services grid,https://images.pexels.com/photos/33916728/pexels-photo-33916728.jpeg?auto=compress&cs=tinysrgb&dpr=2&h=650&w=940,
170,abstract technology hero banner for web app header,SaaS dashboard web application,top of the page header as main visual focus,https://via.placeholder.com/800x600/cccccc/666666?text=abstract+technology+hero+banner+for+web+app+header+1,
171,rounded user avatar placeholder photo for profile sections,SaaS dashboard web application,displayed beside user name in header and profile cards,https://via.placeholder.com/800x600/cccccc/666666?text=rounded+user+avatar+placeholder+photo+for+profile+sections+1,
172,simple line icon for navigation menu home link,SaaS dashboard web application,header navigation bar UI element,https://images.pexels.com/photos/4176851/pexels-photo-4176851.jpeg?auto=compress&cs=tinysrgb&dpr=2&h=650&w=940,
173,subtle gradient background banner for main content area,SaaS dashboard web application,background behind content sections to add visual depth,https://via.placeholder.com/800x600/cccccc/666666?text=subtle+gradient+background+banner+for+main+content+area+1,
174,luxurious spa interior hero banner with candlelight,spa wellness landing page,hero section at top of landing page,https://images.pexels.com/photos/3212179/pexels-photo-3212179.jpeg?auto=compress&cs=tinysrgb&dpr=2&h=650&w=940,
175,serene massage treatment room photo for spa website,spa wellness landing page,service showcase section for massage,https://images.pexels.com/photos/5659015/pexels-photo-5659015.jpeg?auto=compress&cs=tinysrgb&dpr=2&h=650&w=940,
176,organic facial treatment close‑up photo for spa landing page,spa wellness landing page,service card for facial treatments,https://images.pexels.com/photos/5659015/pexels-photo-5659015.jpeg?auto=compress&cs=tinysrgb&dpr=2&h=650&w=940,
177,steam sauna interior photo for spa facilities section,spa wellness landing page,facility showcase of sauna,https://images.pexels.com/photos/3184418/pexels-photo-3184418.jpeg?auto=compress&cs=tinysrgb&dpr=2&h=650&w=940,
178,outdoor hydrotherapy pool view for spa amenities,spa wellness landing page,amenities section highlighting pool,https://images.pexels.com/photos/5659015/pexels-photo-5659015.jpeg?auto=compress&cs=tinysrgb&dpr=2&h=650&w=940,
179,professional therapist portrait for staff introduction,spa wellness landing page,team bios section featuring therapists,https://images.pexels.com/photos/3184394/pexels-photo-3184394.jpeg?auto=compress&cs=tinysrgb&dpr=2&h=650&w=940,
180,hand massage line icon for service list,spa wellness landing page,bullet points listing massage services,https://images.pexels.com/photos/270637/pexels-photo-270637.jpeg?auto=compress&cs=tinysrgb&dpr=2&h=650&w=940,
181,leaf essential oil line icon for product highlights,spa wellness landing page,highlighting spa product benefits,https://via.placeholder.com/64x64/666666/ffffff?text=ICON+1,
182,relaxation wave line icon for booking button,spa wellness landing page,call‑to‑action button encouraging bookings,https://via.placeholder.com/64x64/666666/ffffff?text=ICON+1,
183,happy client testimonial portrait for review carousel,spa wellness landing page,testimonial carousel showing satisfied customers,https://images.pexels.com/photos/3184465/pexels-photo-3184465.jpeg?auto=compress&cs=tinysrgb&dpr=2&h=650&w=940,
184,soft pastel background pattern banner for section dividers,spa wellness landing page,background between content sections,https://via.placeholder.com/800x600/cccccc/666666?text=soft+pastel+background+pattern+banner+for+section+dividers+1,
185,Hero background image for the SPA landing page,general,LandingPage component – top section background,https://images.pexels.com/photos/3212179/pexels-photo-3212179.jpeg?auto=compress&cs=tinysrgb&dpr=2&h=650&w=940,
186,"Service images specific to the spa (e.g., massage, facial, sauna)",general,LandingPage component – services grid,https://images.pexels.com/photos/5659015/pexels-photo-5659015.jpeg?auto=compress&cs=tinysrgb&dpr=2&h=650&w=940,
187,Testimonial portrait images for spa clients,general,LandingPage component – testimonials section,https://images.pexels.com/photos/3184465/pexels-photo-3184465.jpeg?auto=compress&cs=tinysrgb&dpr=2&h=650&w=940,
188,luxurious spa reception area hero banner for landing page,spa/wellness landing page,top of the homepage hero section,https://images.pexels.com/photos/3212179/pexels-photo-3212179.jpeg?auto=compress&cs=tinysrgb&dpr=2&h=650&w=940,
189,soft pastel water ripple background banner for spa website,spa/wellness landing page,section background behind content blocks,https://images.pexels.com/photos/3212179/pexels-photo-3212179.jpeg?auto=compress&cs=tinysrgb&dpr=2&h=650&w=940,
190,aromatherapy massage treatment photo for service card,spa/wellness landing page,service‑card showcasing aromatherapy massage,https://images.pexels.com/photos/33916728/pexels-photo-33916728.jpeg?auto=compress&cs=tinysrgb&dpr=2&h=650&w=940,
191,deep tissue massage photo for service card,spa/wellness landing page,service‑card displaying deep tissue massage,https://images.pexels.com/photos/33916728/pexels-photo-33916728.jpeg?auto=compress&cs=tinysrgb&dpr=2&h=650&w=940,
192,facial rejuvenation treatment photo for service card,spa/wellness landing page,service‑card highlighting facial rejuvenation,https://images.pexels.com/photos/33916728/pexels-photo-33916728.jpeg?auto=compress&cs=tinysrgb&dpr=2&h=650&w=940,
193,steam sauna interior photo for facility showcase,spa/wellness landing page,facility‑section illustrating sauna amenities,https://images.pexels.com/photos/3184418/pexels-photo-3184418.jpeg?auto=compress&cs=tinysrgb&dpr=2&h=650&w=940,
194,outdoor relaxation pool photo for spa landing page,spa/wellness landing page,feature image for outdoor pool area,https://images.pexels.com/photos/5659015/pexels-photo-5659015.jpeg?auto=compress&cs=tinysrgb&dpr=2&h=650&w=940,
195,professional therapist group portrait photo for about section,spa/wellness landing page,about‑us/team introduction block,https://images.pexels.com/photos/33916818/pexels-photo-33916818.jpeg?auto=compress&cs=tinysrgb&dpr=2&h=650&w=940,
196,spa wellness line icon for appointment button,spa/wellness landing page,primary CTA button to book appointments,https://images.pexels.com/photos/8955860/pexels-photo-8955860.jpeg?auto=compress&cs=tinysrgb&dpr=2&h=650&w=940,
197,massage stone line icon for service list,spa/wellness landing page,bullet icon next to massage services,https://images.pexels.com/photos/270637/pexels-photo-270637.jpeg?auto=compress&cs=tinysrgb&dpr=2&h=650&w=940,
198,herbal tea line icon for amenities list,spa/wellness landing page,amenities list indicating complimentary herbal tea,https://via.placeholder.com/64x64/666666/ffffff?text=ICON+1,
199,Hero background image showing a relaxing spa environment,general,Used in the hero section of the landing page,https://images.pexels.com/photos/3212179/pexels-photo-3212179.jpeg?auto=compress&cs=tinysrgb&dpr=2&h=650&w=940,
200,"Images for each spa service (e.g., massage, facial, sauna)",general,Displayed in the services grid,https://images.pexels.com/photos/5659015/pexels-photo-5659015.jpeg?auto=compress&cs=tinysrgb&dpr=2&h=650&w=940,
201,Portrait photos of clients for testimonials,general,Shown in the testimonials section,https://images.pexels.com/photos/3184465/pexels-photo-3184465.jpeg?auto=compress&cs=tinysrgb&dpr=2&h=650&w=940,
202,Company logo (existing /logo.png) – ensure it remains visible,general,Header and footer,https://images.pexels.com/photos/1029624/pexels-photo-1029624.jpeg?auto=compress&cs=tinysrgb&dpr=2&h=650&w=940,
203,wellness appointment calendar icon for spa website,spa/wellness website,booking functionality UI,https://images.pexels.com/photos/5417838/pexels-photo-5417838.jpeg?auto=compress&cs=tinysrgb&dpr=2&h=650&w=940,
204,relaxation zen stones icon for spa website,spa/wellness website,wellness feature icons,https://images.pexels.com/photos/8955860/pexels-photo-8955860.jpeg?auto=compress&cs=tinysrgb&dpr=2&h=650&w=940,
205,massage therapy hands icon for spa website,spa/wellness website,service category icons,https://images.pexels.com/photos/270637/pexels-photo-270637.jpeg?auto=compress&cs=tinysrgb&dpr=2&h=650&w=940,
206,luxury spa pool facilities photo for resort spa,spa/wellness website,amenities showcase section,https://images.pexels.com/photos/5659015/pexels-photo-5659015.jpeg?auto=compress&cs=tinysrgb&dpr=2&h=650&w=940,
207,serene spa meditation area photo for wellness center,spa/wellness website,relaxation area showcase,https://images.pexels.com/photos/5659015/pexels-photo-5659015.jpeg?auto=compress&cs=tinysrgb&dpr=2&h=650&w=940,
208,serene zen garden water feature background,spa / wellness website,section background for testimonials or offers,https://via.placeholder.com/800x600/cccccc/666666?text=serene+zen+garden+water+feature+background+1,
209,landing page hero banner background for generic app website,simple app landing page,hero section background to grab attention,https://images.pexels.com/photos/1571734/pexels-photo-1571734.jpeg?auto=compress&cs=tinysrgb&dpr=2&h=650&w=940,
210,mobile app interface mockup photo for app showcase,simple app landing page,demonstrating the app functionality,https://via.placeholder.com/800x600/cccccc/666666?text=mobile+app+interface+mockup+photo+for+app+showcase+1,
211,line icon set for features section of app landing page,simple app landing page,visual representation of app features,https://via.placeholder.com/64x64/666666/ffffff?text=ICON+1,
212,user testimonial avatar photo for app landing page,simple app landing page,user reviews section,https://via.placeholder.com/800x600/cccccc/666666?text=user+testimonial+avatar+photo+for+app+landing+page+1,
213,smiling patient in dental chair photo for dental website,dental clinic website,hero banner showing patient comfort,https://images.pexels.com/photos/7697400/pexels-photo-7697400.jpeg?auto=compress&cs=tinysrgb&dpr=2&h=650&w=940,
214,dental team group photo in clinic for healthcare website,dental clinic website,about us team introduction,https://images.pexels.com/photos/3184418/pexels-photo-3184418.jpeg?auto=compress&cs=tinysrgb&dpr=2&h=650&w=940,
215,tooth whitening procedure photo for dental service card,dental clinic website,cosmetic service showcase,https://images.pexels.com/photos/33916728/pexels-photo-33916728.jpeg?auto=compress&cs=tinysrgb&dpr=2&h=650&w=940,
216,child patient comfortable in dental chair photo,dental healthcare website,pediatric dentistry service section,https://images.pexels.com/photos/7697400/pexels-photo-7697400.jpeg?auto=compress&cs=tinysrgb&dpr=2&h=650&w=940,
217,modern medical facility interior with doctors and nurses,healthcare/hospital website,hero banner background to build trust,https://images.pexels.com/photos/911758/pexels-photo-911758.jpeg?auto=compress&cs=tinysrgb&dpr=2&h=650&w=940,
218,medical specialty icons set for healthcare services grid,healthcare/hospital website,services section card icons,https://images.pexels.com/photos/270637/pexels-photo-270637.jpeg?auto=compress&cs=tinysrgb&dpr=2&h=650&w=940,
219,professional doctor headshots in white coats,healthcare/hospital website,doctor profiles showcase,https://images.pexels.com/photos/40568/medical-appointment-doctor-healthcare-40568.jpeg?auto=compress&cs=tinysrgb&dpr=2&h=650&w=940,
220,patient testimonial photos for review section,healthcare/hospital website,testimonial credibility photos,https://via.placeholder.com/800x600/cccccc/666666?text=patient+testimonial+photos+for+review+section+1,
221,Uploaded logo to be used in Header and Footer components,general,Header and Footer branding,https://images.pexels.com/photos/1029624/pexels-photo-1029624.jpeg?auto=compress&cs=tinysrgb&dpr=2&h=650&w=940,
222,medical spa laser equipment photo for technology showcase,medical spa website,technology and equipment section display,https://images.pexels.com/photos/5659015/pexels-photo-5659015.jpeg?auto=compress&cs=tinysrgb&dpr=2&h=650&w=940,
223,Serenity Medical Spa logo to replace text-based logo in header,general,Header section logo replacement,https://images.pexels.com/photos/1029624/pexels-photo-1029624.jpeg?auto=compress&cs=tinysrgb&dpr=2&h=650&w=940,
224,sign in form user avatar icon for authentication page,authentication/registration web application,user profile placeholder in sign-in form,https://images.pexels.com/photos/11681097/pexels-photo-11681097.jpeg?auto=compress&cs=tinysrgb&dpr=2&h=650&w=940,
225,sign up form user profile icon for registration page,authentication/registration web application,profile picture placeholder in sign-up form,https://images.pexels.com/photos/11681097/pexels-photo-11681097.jpeg?auto=compress&cs=tinysrgb&dpr=2&h=650&w=940,
226,email verification envelope icon for verify email page,authentication/registration web application,email verification process illustration,https://images.pexels.com/photos/1542252/pexels-photo-1542252.jpeg?auto=compress&cs=tinysrgb&dpr=2&h=650&w=940,
227,success checkmark icon for email verification confirmation,authentication/registration web application,email verification success indicator,https://images.pexels.com/photos/8176112/pexels-photo-8176112.jpeg?auto=compress&cs=tinysrgb&dpr=2&h=650&w=940,
228,lock security icon for password field in auth forms,authentication/registration web application,password input field indicator,https://via.placeholder.com/64x64/666666/ffffff?text=ICON+1,
229,eye visibility toggle icon for password fields,authentication/registration web application,show/hide password functionality,https://via.placeholder.com/64x64/666666/ffffff?text=ICON+1,
